内閣,ないかく
内密,ないみつ
滑らか,なめらか
慣れる,なれる
泣き叫ぶ,なきさけぶ
南西,なんせい
生放送,なまほうそう
生臭い,なまぐさい
長旅,ながたび
泣き,なき
ナイフ,ないふ
慣れ,なれ
内定,ないてい
中休み,なかやすみ
悩ましい,なやましい
軟式,なんしき
内野安打,ないやあんだ
成る,なる
雪崩,なだれ
ナンセンス,なんせんす
並木,なみき
何度,なんど
流し,ながし
中ごろ,なかごろ
中,なか
南北,なんぼく
生々しい,なまなましい
泣かす,なかす
懐く,なつく
長い,ながい
流す,ながす
なじみ,なじみ
情けない,なさけない
ナショナル,なしょなる
並ぶ,ならぶ
治る,なおる
何々,なになに
ナイター,ないたー
内申書,ないしんしょ
内部,ないぶ
縄,なわ
長袖,ながそで
嘆かわしい,なげかわしい
仲間外れ,なかまはずれ
名付ける,なづける
仲間,なかま
生物,なまもの
納豆,なっとう
ナイチンゲール,ないちんげーる
生,なま
投げ捨てる,なげすてる
嘆き,なげき
なた,なた
軟骨,なんこつ
半ば,なかば
流し台,ながしだい
難破,なんぱ
中庭,なかにわ
南米,なんべい
投げ,なげ
流し込む,ながしこむ
涙,なみだ
なれなれしい,なれなれしい
嘆く,なげく
納得,なっとく
波風,なみかぜ
南方,なんぽう
生クリーム,なまくりーむ
殴る,なぐる
長靴,ながぐつ
眺める,ながめる
和む,なごむ
内蔵,ないぞう
何回,なんかい
難易度,なんいど
なぞる,なぞる
慰め,なぐさめ
苗,なえ
中敷き,なかじき
鍋,なべ
夏祭り,なつまつり
ナンバープレート,なんばーぷれーと
眺め,ながめ
生卵,なまたまご
南東,なんとう
軟こう,なんこう
流れ込む,ながれこむ
習わす,ならわす
七,なな
難題,なんだい
波,なみ
長続き,ながつづき
中身,なかみ
縄張り,なわばり
投げ掛ける,なげかける
鳴り,なり
成し遂げる,なしとげる
仲良し,なかよし
何個,なんこ
なでしこ,なでしこ
内野,ないや
内容,ないよう
なでる,なでる
なぎさ,なぎさ
名指し,なざし
長雨,ながあめ
軟体動物,なんたいどうぶつ
夏休み,なつやすみ
七つ,ななつ
南部,なんぶ
長生き,ながいき
鍋底,なべぞこ
鍋物,なべもの
習う,ならう
名乗る,なのる
怠ける,なまける
習い事,ならいごと
名前,なまえ
内科,ないか
中程,なかほど
鳴らす,ならす
何事,なにごと
仲直り,なかなおり
なりわい,なりわい
なめる,なめる
謎,なぞ
何か,なにか
悩み,なやみ
内職,ないしょく
仲間入り,なかまいり
悩ます,なやます
内装,ないそう
なます,なます
名札,なふだ
中にも,なかにも
成り行き,なりゆき
生水,なまみず
何より,なにより
習い,ならい
涙ぐむ,なみだぐむ
生ビール,なまびーる
何者,なにもの
鍋料理,なべりょうり
難易,なんい
和やか,なごやか
泣く,なく
内緒,ないしょ
流れ,ながれ
懐かしむ,なつかしむ
南北戦争,なんぼくせんそう
内野手,ないやしゅ
情け,なさけ
名残,なごり
なめくじ,なめくじ
夏場,なつば
生中継,なまちゅうけい
悩む,なやむ
投げ入れる,なげいれる
成り立つ,なりたつ
無くなる,なくなる
南国,なんごく
南極,なんきょく
苗木,なえぎ
直し,なおし
なさる,なさる
斜め,ななめ
並べる,ならべる
ナチュラル,なちゅらる
ナレーター,なれーたー
ない,ない
中には,なかには
投げる,なげる
並び,ならび
なす,なす
鳴き声,なきごえ
難聴,なんちょう
内外,ないがい
投げ込む,なげこむ
仲人,なこうど
ナトリウム,なとりうむ
長引く,ながびく
なまり,なまり
夏,なつ
菜の花,なのはな
流れる,ながれる
成り立ち,なりたち
なれ初め,なれそめ
無し,なし
成り上がる,なりあがる
何,なに
慰める,なぐさめる
謎解き,なぞとき
中指,なかゆび
直す,なおす
投げ飛ばす,なげとばす
ナンバー,なんばー
七日,なのか
夏痩せ,なつやせ
なまる,なまる
生意気,なまいき
ナルト,なると
無くす,なくす
何日,なんにち
なじむ,なじむ
懐かしい,なつかしい
名乗り出る,なのりでる
