むかつく,むかつく
無害,むがい
昔話,むかしばなし
胸,むね
迎え入れる,むかえいれる
昔,むかし
無条件降伏,むじょうけんこうふく
無免許,むめんきょ
向こう,むこう
無重力,むじゅうりょく
村人,むらびと
無茶苦茶,むちゃくちゃ
無理,むり
無記名,むきめい
無差別,むさべつ
貪る,むさぼる
蒸し器,むしき
むくみ,むくみ
向かい風,むかいかぜ
向かい側,むかいがわ
結び付く,むすびつく
向かい,むかい
紫,むらさき
武者,むしゃ
蒸らす,むらす
胸板,むないた
無計画,むけいかく
無数,むすう
むくむ,むくむ
無知,むち
報いる,むくいる
無意味,むいみ
無表情,むひょうじょう
むしゃくしゃ,むしゃくしゃ
無職,むしょく
無能力,むのうりょく
無造作,むぞうさ
むく,むく
無傷,むきず
無敵,むてき
迎える,むかえる
蒸し返す,むしかえす
蒸れる,むれる
紫色,むらさきいろ
蒸す,むす
無印,むじるし
むやみ,むやみ
無期,むき
向ける,むける
ムーンライト,むーんらいと
娘,むすめ
向こう側,むこうがわ
蒸し暑い,むしあつい
無防備,むぼうび
夢中,むちゅう
無料,むりょう
無党派,むとうは
村,むら
無地,むじ
群れ,むれ
無茶,むちゃ
蒸しぶろ,むしぶろ
群がる,むらがる
無期懲役,むきちょうえき
無名,むめい
無罪,むざい
息子,むすこ
無邪気,むじゃき
虫食い,むしくい
虫,むし
虫よけ,むしよけ
無意識,むいしき
無情,むじょう
無所属,むしょぞく
無関係,むかんけい
結び,むすび
無駄,むだ
婿,むこ
虫歯,むしば
無用,むよう
無力,むりょく
むなしい,むなしい
結ぶ,むすぶ
無作為,むさくい
麦茶,むぎちゃ
向かい合う,むかいあう
無償,むしょう
ムービー,むーびー
蒸し焼き,むしやき
麦,むぎ
無口,むくち
無神経,むしんけい
無休,むきゅう
無駄遣い,むだづかい
六日,むいか
向かう,むかう
ムード,むーど
無能,むのう
むかむか,むかむか
結び目,むすびめ
無実,むじつ
難しい,むずかしい
結び付き,むすびつき
昔々,むかしむかし
無機質,むきしつ
無謀,むぼう
六つ,むっつ
