連載,れんさい
レーザー,れーざー
礼儀正しい,れいぎただしい
連日,れんじつ
レポーター,れぽーたー
レール,れーる
連立,れんりつ
レーサー,れーさー
連携,れんけい
れんが,れんが
連呼,れんこ
レトルト,れとると
連帯,れんたい
連結,れんけつ
冷房,れいぼう
礼装,れいそう
レギュラー,れぎゅらー
連行,れんこう
レズ,れず
連鎖,れんさ
冷酷,れいこく
連休,れんきゅう
歴代,れきだい
レスラー,れすらー
レコード,れこーど
レパートリー,れぱーとりー
連続,れんぞく
連発,れんぱつ
例,れい
連邦,れんぽう
例外,れいがい
連打,れんだ
レフト,れふと
レシピ,れしぴ
歴史的,れきしてき
レンズ,れんず
冷水,れいすい
レンジ,れんじ
練習,れんしゅう
レジャー,れじゃー
レジャー産業,れじゃーさんぎょう
連勝,れんしょう
レタス,れたす
レプリカ,れぷりか
レコーダー,れこーだー
冷凍,れいとう
連絡,れんらく
列,れつ
レイプ,れいぷ
恋愛,れんあい
連敗,れんぱい
霊長類,れいちょうるい
レイアウト,れいあうと
冷蔵庫,れいぞうこ
連合国,れんごうこく
連射,れんしゃ
レポート,れぽーと
レシート,れしーと
礼服,れいふく
レスリング,れすりんぐ
レトロ,れとろ
列島,れっとう
レジ,れじ
冷却,れいきゃく
レンタル,れんたる
零下,れいか
レッテル,れってる
礼状,れいじょう
レベルアップ,れべるあっぷ
レンタカー,れんたかー
歴史,れきし
連名,れんめい
連合,れんごう
レゲエ,れげえ
冷蔵,れいぞう
冷風,れいふう
列挙,れっきょ
礼拝,れいはい
レター,れたー
レッカー,れっかー
レベル,れべる
連覇,れんぱ
冷暖房,れいだんぼう
零細,れいさい
レコーディング,れこーでぃんぐ
レッド,れっど
連想,れんそう
列車,れっしゃ
礼儀,れいぎ
冷静,れいせい
